ID,Title,Year,Budget,Gross Income
1,Spontaneous Combustion,1990,5500000,50367
2,The Adventures of Ford Fairlane,1990,20000000,21413502
3,Air America,1990,35000000,33461269
4,Alice,1990,12000000,7331647
5,Almost an Angel,1990,25000000,6939946
6,Another 48 Hrs.,1990,38000000,153518974
7,Arachnophobia,1990,22000000,53208180
8,Awakenings,1990,31000000,52096475
9,Back to the Future Part III,1990,40000000,246144250
10,Bad Influence,1990,7000000,12626043
11,Bird on a Wire,1990,20000000,138697012
12,The Bonfire of the Vanities,1990,47000000,15691192
13,Brain Dead,1990,2000000,1627955
14,Child's Play 2,1990,13000000,35763605
15,Class of 1999,1990,5200000,2459895
16,Come See the Paradise,1990,17500000,947306
17,Cry-Baby,1990,11000000,8266343
18,Dances with Wolves,1990,22000000,424208848
19,Darkman,1990,16000000,48878502
20,Days of Thunder,1990,60000000,157920733
21,Death Warrant,1990,4000000,16853487
22,Desperate Hours,1990,18000000,2742912
23,Dick Tracy,1990,47000000,162738726
24,Die Hard 2,1990,70000000,240247433
25,Don't Tell Her It's Me,1990,6700000,1171762
26,Downtown,1990,10000000,2346150
27,Edward Scissorhands,1990,20000000,86024005
28,Everybody Wins,1990,16000000,1372350
29,Fei ying gai wak,1991,115000000,10405394
30,The Field,1990,5000000,1494399
31,Fire Birds,1990,22000000,14760451
32,The First Power,1990,10000000,22424195
33,Flatliners,1990,26000000,61489265
34,Flight of the Intruder,1991,35000000,14587732
35,Fools of Fortune,1990,2500000,83490
36,The Fourth War,1990,22000000,1305887
37,Frankenhooker,1990,2500000,205068
38,Roger Corman's Frankenstein Unbound,1990,11500000,334748
39,The Garden,1990,380000,5006
40,The Gate II: Trespassers,1990,6500000,2032973
41,Ghost,1990,22000000,505706694
42,The Godfather: Part III,1990,54000000,136766062
43,Goodfellas,1990,25000000,46879633
44,Graveyard Shift,1990,10500000,11582891
45,Green Card,1990,12500000,29888235
46,Gremlins 2: The New Batch,1990,50000000,41482207
47,Hard to Kill,1990,10000000,47410827
48,Hardware,1990,1500000,5728953
49,Havana,1990,40000000,9645440
50,Home Alone,1990,18000000,476684675
51,The Hot Spot,1990,13000000,1293976
52,House Party,1990,2500000,26385627
53,The Hunt for Red October,1990,30000000,200512643
54,Haakon Haakonsen,1990,60000000,15104156
55,Dark Angel,1990,7000000,4348368
56,Jacob's Ladder,1990,25000000,26118851
57,Joe Versus the Volcano,1990,25000000,39404261
58,Kindergarten Cop,1990,15000000,201957688
59,The Last of the Finest,1990,12000000,1531489
60,Leatherface: Texas Chainsaw Massacre III,1990,2000000,5765562
61,Lionheart,1990,6000000,24271196
62,Loose Cannons,1990,15000000,5585154
63,Marked for Death,1990,12000000,57968936
64,Meet the Applegates,1990,5000000,485772
65,Memphis Belle,1990,23000000,27441977
66,Mermaids,1990,20000000,35419397
67,Metropolitan,1990,230000,2960492
68,Miller's Crossing,1990,14000000,5080409
69,Misery,1990,20000000,61276872
70,Mo' Better Blues,1990,10000000,16153593
71,Mountains of the Moon,1990,19000000,4011793
72,Mr. Destiny,1990,20000000,15379253
73,The NeverEnding Story II: The Next Chapter,1990,36000000,17373527
74,Night of the Living Dead,1990,4200000,5835247
75,Nightbreed,1990,11000000,8862354
76,Nikita,1990,50000000,5017971
77,Pacific Heights,1990,18000000,44926706
78,Postcards from the Edge,1990,22000000,39071603
79,Predator 2,1990,35000000,57120318
80,Presumed Innocent,1990,22000000,221303188
81,Pretty Woman,1990,14000000,463406268
82,Problem Child,1990,10000000,72270891
83,Quick Change,1990,15000000,15260154
84,The Rescuers Down Under,1990,30000000,27931461
85,RoboCop 2,1990,35000000,45681173
86,Rocky V,1990,42000000,119946358
87,The Rookie,1990,10000000,21633874
88,The Russia House,1990,21800000,22997992
89,The Sheltering Sky,1990,25000000,2075084
90,A Shock to the System,1990,12000000,3417056
91,Sibling Rivalry,1990,16000000,17854933
92,Slumber Party Massacre III,1990,350000,1242995
93,Spaced Invaders,1990,3000000,15369573
94,Stanley & Iris,1990,23000000,5820015
95,State of Grace,1990,18000000,1911542
96,Tales from the Darkside: The Movie,1990,3500000,16324573
97,Teenage Mutant Ninja Turtles,1990,13500000,201965915
98,Total Recall,1990,65000000,261317921
99,Tremors,1990,11000000,16667084
100,Tune in Tomorrow...,1990,11000000,1794001
101,Due occhi diabolici,1990,9000000,349618
102,The Two Jakes,1990,19000000,10005969
103,Where the Heart Is,1990,15000000,1106475
104,White Hunter Black Heart,1990,24000000,2319124
105,Wild at Heart,1990,9500000,14560247
106,Young Guns II,1990,20000000,44143410
107,Yume,1990,12000000,1963207
108,The Addams Family,1991,30000000,191502426
109,The Adjuster,1991,1500000,396573
110,Les amants du Pont-Neuf,1991,28000000,29679
111,Another You,1991,17000000,2865916
112,Article 99,1992,18000000,6375979
113,At Play in the Fields of the Lord,1991,36000000,1345903
114,Backdraft,1991,40000000,152368585
115,Barton Fink,1991,9000000,6153939
116,Beastmaster 2: Through the Portal of Time,1991,6000000,869325
117,Beauty and the Beast,1991,25000000,440118382
118,Bill & Ted's Bogus Journey,1991,20000000,38037513
119,Billy Bathgate,1991,48000000,15565363
120,Bingo,1991,10000000,8667684
121,Bis ans Ende der Welt,1991,23000000,829625
122,Body Parts,1991,10000000,9188150
123,Boyz n the Hood,1991,6500000,57529070
124,Bugsy,1991,30000000,49114016
125,Cadence,1990,4000000,2070871
126,Cape Fear,1991,35000000,182291969
127,City Slickers,1991,27000000,179033791
128,City of Hope,1991,3000000,1345015
129,Closet Land,1991,4000000,259012
130,The Commitments,1991,12000000,14919570
131,Company Business,1991,18000000,1501785
132,Cool as Ice,1991,6000000,1193062
133,Curly Sue,1991,25000000,33691313
134,Dead Again,1991,15000000,38016380
135,Delicatessen,1991,24000000,1794187
136,Delirious,1991,18000000,5546827
137,The Doors,1991,38000000,34416893
138,Double Impact,1991,15000000,30102717
139,Drop Dead Fred,1991,6788000,13878334
140,Dutch,1991,17000000,4603929
141,Dying Young,1991,18000000,82264675
142,Edward II,1991,750000,706131
143,Europa,1991,28000000,1007939
144,Eve of Destruction,1991,13000000,5451119
145,F/X2,1991,16400000,21082165
146,The Fisher King,1991,24000000,41895491
147,For the Boys,1991,40000000,23202444
148,Frankie and Johnny,1991,29000000,22773535
149,Freddy's Dead: The Final Nightmare,1991,11000000,34872033
150,Fried Green Tomatoes,1991,11000000,119418501
151,Hangin' with the Homeboys,1991,1900000,532933
152,Harley Davidson and the Marlboro Man,1991,23000000,7434726
153,High Strung,1992,300000,904
154,Highlander II: The Quickening,1991,30000000,15556340
155,Hook,1991,70000000,300854823
156,Hot Shots!,1991,26000000,181096164
157,House Party 2,1991,5000000,19438638
158,Hudson Hawk,1991,65000000,17218080
159,The Indian Runner,1991,7000000,191125
160,JFK,1991,40000000,205405498
161,Jungle Fever,1991,14000000,43882682
162,Kafka,1991,11000000,1059071
163,A Kiss Before Dying,1991,15000000,15429177
164,The Last Boy Scout,1991,29000000,59509925
165,Late for Dinner,1991,14000000,8906823
166,Life Stinks,1991,13000000,4102526
167,Light Sleeper,1992,5000000,1055987
168,Little Man Tate,1991,10000000,25010896
169,Mannequin: On the Move,1991,13000000,3752428
170,The Marrying Man,1991,26000000,12454768
171,A Midnight Clear,1992,5000000,1526697
172,Mobsters,1991,23000000,20246790
173,Mortal Thoughts,1991,8000000,18784957
174,My Girl,1991,17000000,59489799
175,My Own Private Idaho,1991,2500000,6401336
176,Mystery Date,1991,10000000,6166819
177,The Naked Gun 2Â½: The Smell of Fear,1991,23000000,86930411
178,Naked Lunch,1991,16000000,2641357
179,Necessary Roughness,1991,13500000,26255594
180,New Jack City,1991,8000000,47624353
181,Night on Earth,1991,3500000,2023808
182,Nothing But Trouble,1991,40000000,8479793
183,Once Around,1991,16000000,14851083
184,One Good Cop,1991,4000000,11276846
185,Oscar,1991,35000000,23562716
186,Out for Justice,1991,14000000,39673161
187,The Perfect Weapon,1991,10000000,14061361
188,Point Break,1991,24000000,83531958
189,Poison,1991,250000,787280
190,The Prince of Tides,1991,30000000,74787599
191,Problem Child 2,1991,15000000,32704700
192,Prospero's Books,1991,1500000,1750301
193,Pure Luck,1991,17010000,24941969
194,Quigley Down Under,1990,20000000,21413105
195,A Rage in Harlem,1991,8000000,10438504
196,Rambling Rose,1991,7500000,6266621
197,Regarding Henry,1991,25000000,43001500
198,Return to the Blue Lagoon,1991,11000000,2807854
199,Robin Hood: Prince of Thieves,1991,48000000,390493908
200,Rock-A-Doodle,1991,18000000,11657385
201,The Rocketeer,1991,35000000,46704056
202,Run,1991,16000000,4409328
203,Rush,1991,17000000,7241350
204,Scenes from a Mall,1991,3000000,9563393
205,Shakes the Clown,1991,1400000,115103
206,Shattered,1991,22000000,11511031
207,Showdown in Little Tokyo,1991,8000000,2275557
208,The Silence of the Lambs,1991,19000000,272753884
209,Slacker,1990,23000,1228108
210,Sleeping with the Enemy,1991,19000000,174999005
211,Soapdish,1991,25000000,36489888
212,Star Trek VI: The Undiscovered Country,1991,30000000,96888996
213,Stone Cold,1991,17000000,9151887
214,Straight Out of Brooklyn,1991,450000,2712293
215,The Super,1991,22000000,11000863
216,Switch,1991,14000000,15545943
217,Teenage Mutant Ninja Turtles II: The Secret of the Ooze,1991,25000000,78656813
218,Terminator 2: Judgment Day,1991,102000000,520884847
219,Thelma & Louise,1991,16500000,45360915
220,Toy Soldiers,1991,10000000,15073942
221,True Colors,1991,20000000,418807
222,True Identity,1991,15000000,4693236
223,Trust,1990,700000,357400
224,What About Bob?,1991,35000000,63707829
225,White Fang,1991,14000000,34793160
226,1492: Conquest of Paradise,1992,47000000,7191399
227,3 Ninjas,1992,6500000,29000301
228,Aladdin,1992,28000000,504050219
229,AlienÂ³,1992,50000000,159814498
230,American Heart,1992,10000000,384048
231,American Me,1992,16000000,13086430
232,Bad Lieutenant,1992,1000000,2038916
233,Basic Instinct,1992,49000000,352927224
234,Batman Returns,1992,80000000,266903053
235,The Bodyguard,1992,25000000,411006740
236,Boomerang,1992,42000000,131052444
237,Braindead,1992,3000000,242623
238,Dracula,1992,40000000,215862692
239,Buffy the Vampire Slayer,1992,7000000,16624456
240,C'est arrivÃ© prÃ¨s de chez vous,1992,1000000,205569
241,Candyman,1992,6000000,25792310
242,Captain Ron,1992,24000000,22518097
243,Chaplin,1992,31000000,9493259
244,Child's Play 3,1991,13000000,20560255
245,Christopher Columbus: The Discovery,1992,40000000,8251071
246,City of Joy,1992,27000000,14683921
247,Class Act,1992,7500000,13272113
248,Como agua para chocolate,1992,2000000,21744201
249,Consenting Adults,1992,18000000,21591728
250,Cool World,1992,30000000,14110589
251,Cronos,1993,2000000,621392
252,The Crying Game,1992,2300000,62548947
253,Death Becomes Her,1992,55000000,149022650
254,Diggstown,1992,17000000,4836637
255,The Distinguished Gentleman,1992,50000000,46666502
256,Encino Man,1992,7000000,40693477
257,Equinox,1992,6750000,279627
258,Excessive Force,1993,3000000,1152117
259,Falling from Grace,1992,3000000,231826
260,Far and Away,1992,60000000,137783840
261,FernGully: The Last Rainforest,1992,24000000,32710894
262,A Few Good Men,1992,41000000,243240178
263,Final Analysis,1992,32000000,28590665
264,Folks!,1992,15000000,6132924
265,Freejack,1992,30000000,17129026
266,Gladiator,1992,20000000,9223441
267,Glengarry Glen Ross,1992,12500000,10725228
268,The Gun in Betty Lou's Handbag,1992,13000000,3721911
269,Guncrazy,1992,800000,114516
270,The Hand That Rocks the Cradle,1992,11700000,88036683
271,Hellraiser III: Hell on Earth,1992,5000000,12534961
272,Hero,1992,42000000,19507345
273,Highway to Hell,1991,9000000,26055
274,Hoffa,1992,35000000,29302121
275,Home Alone 2: Lost in New York,1992,18000000,365070556
276,"Honey, I Blew Up the Kid",1992,40000000,58662452
277,Honeymoon in Vegas,1992,25000000,35208854
278,Husbands and Wives,1992,20000000,10555619
279,Innocent Blood,1992,20000000,4943279
280,Jennifer Eight,1992,20000000,11390479
281,Ging chaat goo si III: Chiu kup ging chaat,1992,900000,16270600
282,Johnny Suede,1991,500000,90091
283,Juice,1992,5000000,20146880
284,The Last of the Mohicans,1992,40000000,75505856
285,The Lawnmower Man,1992,10000000,32100816
286,A League of Their Own,1992,40000000,132440069
287,Lethal Weapon 3,1992,35000000,321731527
288,The Living End,1992,22769,692585
289,Lorenzo's Oil,1992,30000000,7286388
290,Love Field,1992,18000000,1014726
291,Bitter Moon,1992,5000000,1862805
292,Malcolm X,1992,33000000,48169910
293,The Mambo Kings,1992,15500000,6742168
294,Man Trouble,1992,30000000,4096030
295,El mariachi,1992,7000,2040920
296,Medicine Man,1992,40000000,45500797
297,Memoirs of an Invisible Man,1992,40000000,14358033
298,The Mighty Ducks,1992,10000000,50752337
299,Mo' Money,1992,15000000,40227006
300,Mom and Dad Save the World,1992,14000000,2034470
301,Mr. Baseball,1992,40000000,20883046
302,Mr. Saturday Night,1992,43000000,13351357
303,The Muppet Christmas Carol,1992,12000000,32090708
304,My Cousin Vinny,1992,11000000,64088552
305,Newsies,1992,15000000,2819485
306,Night and the City,1992,20000000,6202756
307,Noises Off...,1992,12000000,2280148
308,The Opposite Sex and How to Live with Them,1992,3000000,690966
309,Passenger 57,1992,15000000,44065653
310,Passion Fish,1992,3330000,4814619
311,Patriot Games,1992,45000000,178051587
312,The People Under the Stairs,1991,6000000,31347154
313,Pet Sematary II,1992,8000000,17092453
314,Peter's Friends,1992,5000000,4058564
315,The Player,1992,8000000,21706101
316,Poison Ivy,1992,3000000,1829804
317,The Public Eye,1992,15000000,3067917
318,Radio Flyer,1992,35000000,4651977
319,Raising Cain,1992,12000000,37170057
320,Rapid Fire,1992,10000000,14356479
321,Red Rock West,1993,8000000,2502551
322,Reservoir Dogs,1992,1200000,2859750
323,Rich in Love,1992,18000000,2149866
324,A River Runs Through It,1992,12000000,43440294
325,Scent of a Woman,1992,31000000,134095253
326,School Ties,1992,18000000,14715067
327,Shadows and Fog,1991,14000000,2735731
328,Seong lung wui,1992,10000000,8359717
329,Simple Men,1992,3000000,143010
330,Single White Female,1992,16000000,48017402
331,Sister Act,1992,31000000,231605150
332,Sleepwalkers,1992,15000000,30524763
333,Sneakers,1992,35000000,105232691
334,South Central,1992,4000000,1373196
335,Split Second,1992,7000000,5430822
336,Stay Tuned,1992,25000000,10736401
337,Stop! Or My Mom Will Shoot,1992,45000000,70611210
338,A Stranger Among Us,1992,18000000,12282994
339,Strictly Ballroom,1992,3000000,11738022
340,The Taking of Beverly Hills,1991,19000000,939277
341,Thunderheart,1992,15000000,22660758
342,Tom and Jerry: The Movie,1992,8000000,3560469
343,Toys,1992,43000000,23278931
344,Trespass,1992,14000000,13249535
345,Tui shou,1991,400000,152322
346,Twin Peaks: Fire Walk with Me,1992,10000000,4183547
347,Under Siege,1992,35000000,156563139
348,Under Suspicion,1991,6000000,221295
349,Unforgiven,1992,14400000,159157447
350,Universal Soldier,1992,23000000,36299898
351,Used People,1992,16000000,17957265
352,The Vagrant,1992,9500000,5900
353,The Waterdance,1992,2700000,1723319
354,Waterland,1992,10000000,1100218
355,Wayne's World,1992,20000000,183097323
356,Where the Day Takes You,1992,3000000,390152
357,Whispers in the Dark,1992,18000000,11124511
358,Wind,1992,29000000,5519569
359,Addams Family Values,1993,47000000,48919043
360,The Adventures of Huck Finn,1993,6500000,24103594
361,The Age of Innocence,1993,34000000,32255440
362,Airborne,1993,2600000,2850263
363,Alive,1993,32000000,36733909
364,Amongst Friends,1993,1000000,265000
365,Arizona Dream,1993,19000000,112547
366,Army of Darkness,1992,11000000,11502976
367,Aspen Extreme,1993,14000000,8041049
368,Ba wang bie ji,1993,4000000,5216888
369,Bank Robber,1993,2000000,115842
370,Batman: Mask of the Phantasm,1993,6000000,5635204
371,Beethoven's 2nd,1993,15000000,118243066
372,Being Human,1994,40000000,1519366
373,Best of the Best II,1993,7000000,6608687
374,"Bodies, Rest & Motion",1993,2500000,764724
375,Body Snatchers,1993,13000000,428868
376,Body of Evidence,1992,30000000,13273595
377,Boiling Point,1993,9000000,10058318
378,Bopha!,1993,12000000,212483
379,Bound by Honor,1993,35000000,4496583
380,A Bronx Tale,1993,22000000,17287898
381,Calendar Girl,1993,13000000,2570550
382,Carlito's Way,1993,30000000,63851527
383,Carnosaur,1993,850000,1753979
384,Children of the Corn II: The Final Sacrifice,1992,900000,6980986
385,"Clean, Shaven",1993,68000,26351
386,Cliffhanger,1993,70000000,255000211
387,Cool Runnings,1993,14000000,154856263
388,Cop & Â½,1993,14000000,40689691
389,The Crush,1993,6000000,13609396
390,Snake Eyes,1993,10000000,1261210
391,The Dark Half,1993,15000000,10611160
392,Dave,1993,28000000,63270710
393,Dazed and Confused,1993,6900000,7993039
394,Deadfall,1993,10000000,18369
395,Demolition Man,1993,57000000,58055768
396,Double Dragon,1994,7850000,2341309
397,Dragon: The Bruce Lee Story,1993,14000000,63513743
398,Ernest Rides Again,1993,7000000,1450029
399,Even Cowgirls Get the Blues,1993,8000000,1708873
400,Falling Down,1993,25000000,40903593
401,Fear of a Black Hat,1993,999999,233824
402,Fire in the Sky,1993,15000000,19885552
403,The Firm,1993,42000000,270248367
404,For Love or Money,1993,30000000,11146270
405,Fortress,1992,8000000,6739141
406,Free Willy,1993,20000000,153698625
407,The Fugitive,1993,44000000,368875760
408,Geronimo: An American Legend,1993,35000000,18635620
409,Gettysburg,1993,25000000,10769960
410,Ghost in the Machine,1993,12000000,5086909
411,The Good Son,1993,17000000,60613008
412,Groundhog Day,1993,14600000,70906973
413,Guilty as Sin,1993,12000000,22866222
414,Hard Target,1993,18000000,74189677
415,Sugar Hill,1993,10000000,18225518
416,Heart and Souls,1993,25000000,16589540
417,Heaven & Earth,1993,33000000,5864949
418,Hocus Pocus,1993,28000000,39514713
419,A Home of Our Own,1993,12000000,1677807
420,Hot Shots! Part Deux,1993,25000000,133752825
421,The House of the Spirits,1993,40000000,6265311
422,Xi yan,1993,1000000,6933459
423,In the Line of Fire,1993,40000000,176997168
424,In the Name of the Father,1993,13000000,65796862
425,"In weiter Ferne, so nah!",1993,10500000,810455
426,Indecent Proposal,1993,38000000,266614059
427,Indian Summer,1993,9000000,14904910
428,Jason Goes to Hell: The Final Friday,1993,3000000,15935068
429,Josh and S.A.M.,1993,18000000,1640220
430,The Joy Luck Club,1993,11000000,32901136
431,Judgment Night,1993,21000000,12526677
432,Jurassic Park,1993,63000000,1030314141
433,Kalifornia,1993,9000000,2395231
434,King of the Hill,1993,8000000,1214231
435,Last Action Hero,1993,85000000,137298489
436,Leprechaun,1993,900000,8556940
437,Little Buddha,1993,35000000,4858139
438,Look Who's Talking Now,1993,22000000,10340263
439,Lost in Yonkers,1993,15000000,9285189
440,Made in America,1993,22000000,104942695
441,Malice,1993,20000000,46405336
442,Man's Best Friend,1993,6000000,12974636
443,Manhattan Murder Mystery,1993,13500000,11330911
444,Married to It,1991,14000000,2059832
445,Matinee,1993,13000000,9532895
446,Menace II Society,1993,3500000,27912072
447,The Meteor Man,1993,30000000,8016708
448,Money for Nothing,1993,11000000,1039824
449,Mother's Boys,1993,8000000,737548
450,Mr. Jones,1993,25000000,8345845
451,Mr. Nanny,1993,10000000,4348572
452,Mr. Wonderful,1993,13000000,3125424
453,Mrs. Doubtfire,1993,25000000,441286195
454,Much Ado About Nothing,1993,11000000,22549338
455,My Boyfriend's Back,1993,12000000,3335984
456,My Life,1993,15000000,27804899
457,My Life's in Turnaround,1993,22000,163383
458,Loaded Weapon 1,1993,13000000,27979399
459,The Night We Never Met,1993,8000000,1884814
460,The Nightmare Before Christmas,1993,18000000,88170974
461,Nowhere to Run,1993,15000000,22189039
462,The Nutcracker,1993,19000000,2119994
463,Once Upon a Forest,1993,13000000,6582052
464,Only the Strong,1993,6000000,3283371
465,Orlando,1992,4000000,5377643
466,The Pelican Brief,1993,45000000,195268056
467,A Perfect World,1993,30000000,135130999
468,Philadelphia,1993,26000000,206678440
469,Philadelphia Experiment II,1993,5000000,2970
470,The Piano,1993,7000000,40168956
471,Poetic Justice,1993,14000000,27515786
472,Posse,1993,10000000,18289763
473,The Princess and the Goblin,1991,10000000,2105078
474,The Program,1993,15000000,23032565
475,The Remains of the Day,1993,15000000,23237911
476,Return of the Living Dead III,1993,2000000,54207
477,Rising Sun,1993,35000000,107198790
478,Robin Hood: Men in Tights,1993,20000000,35739755
479,RoboCop 3,1993,22000000,10696210
480,Romeo Is Bleeding,1993,11500000,3275585
481,Rookie of the Year,1993,10000000,56500758
482,Ruby Cairo,1992,24000000,608866
483,Ruby in Paradise,1993,800000,1001437
484,Sankofa,1993,1000000,2198984
485,Schindler's List,1993,22000000,322243445
486,Searching for Bobby Fischer,1993,12000000,7266383
487,The Secret Garden,1993,18000000,31181347
488,Shadowlands,1993,22000000,25842377
489,Sister Act 2: Back in the Habit,1993,38000000,57319029
490,Siu nin Wong Fei Hung chi: Tit ma lau,1993,11000000,14694904
491,Six Degrees of Separation,1993,12000000,6405918
492,Sleepless in Seattle,1993,21000000,227927165
493,Sliver,1993,40000000,116300000
494,So I Married an Axe Murderer,1993,20000000,11585483
495,Son of the Pink Panther,1993,25000000,2438031
496,Stalingrad,1993,20000000,152972
497,Striking Distance,1993,30000000,24107867
498,Super Mario Bros.,1993,48000000,20915465
499,Teenage Mutant Ninja Turtles III,1993,21000000,42273609
500,The Temp,1993,15000000,6419876
501,There Goes My Baby,1994,10500000,123509
502,The Thing Called Love,1993,14000000,1029721
503,The Three Musketeers,1993,30000000,53898845
504,Three of Hearts,1993,11000000,5516936
505,Tombstone,1993,25000000,56505065
506,True Romance,1993,13000000,12281551
507,Untamed Heart,1993,7500000,18898806
508,Les visiteurs,1993,50000000,659810
509,Warlock: The Armageddon,1993,3000000,3902679
510,Wayne's World 2,1993,40000000,48197805
511,Weekend at Bernie's II,1993,7000000,12741891
512,What's Eating Gilbert Grape,1993,11000000,10032765
513,What's Love Got to Do with It,1993,15000000,39100956
514,3 Ninjas Kick Back,1994,20000000,11798854
515,8 Seconds,1994,7000000,19623396
516,Above the Rim,1994,3500000,16192320
517,Ace Ventura: Pet Detective,1994,15000000,107217396
518,The Air Up There,1994,17080000,21011318
519,Amateur,1994,2300000,757088
520,Angels in the Outfield,1994,24000000,50236831
521,Baby's Day Out,1994,48000000,16827402
522,Bad Girls,1994,25000000,15240435
523,Barcelona,1994,3200000,7266973
524,Beverly Hills Cop III,1994,50000000,119208989
525,Blankman,1994,30000000,7941977
526,Blink,1993,11000000,16696219
527,Blown Away,1994,28000000,30156002
528,Blue Sky,1994,16000000,3359465
529,Bullets Over Broadway,1994,20000000,13383747
530,Canadian Bacon,1995,11000000,163971
531,"Car 54, Where Are You?",1994,10700000,1238080
532,China Moon,1994,15000000,3038499
533,City Slickers II: The Legend of Curly's Gold,1994,40000000,43622150
534,Clean Slate,1994,18000000,7355425
535,Clear and Present Danger,1994,62000000,215887717
536,Clerks,1994,27000,3151130
537,The Client,1994,45000000,117615211
538,Clifford,1994,19000000,7408745
539,Color of Night,1994,40000000,19726050
540,The Cowboy Way,1994,35000000,20280016
541,Crooklyn,1994,14000000,13642861
542,The Crow,1994,23000000,50693129
543,Death Wish V: The Face of Death,1994,5000000,1702394
544,Death and the Maiden,1994,12000000,3103716
545,Dellamorte Dellamore,1994,4000000,253986
546,Disclosure,1994,55000000,214015089
547,Drop Squad,1994,2000000,734693
548,Drop Zone,1994,45000000,28735315
549,Dumb and Dumber,1994,17000000,247275374
550,Dung che sai duk,1994,40000000,1912490
551,Ed Wood,1994,18000000,5887457
552,Exit to Eden,1994,25000000,6841570
553,Exotica,1994,2000000,4221036
554,The Favor,1994,13000000,3134381
555,Federal Hill,1994,80000,514775
556,The Flintstones,1994,46000000,341631208
557,Forrest Gump,1994,55000000,678151134
558,Four Weddings and a Funeral,1994,4400000,245700832
559,Frankenstein,1994,45000000,112006296
560,Freaked,1993,11000000,29296
561,Fresh,1994,3500000,8094616
562,Getting Even with Dad,1994,30000000,18869594
563,The Glass Shield,1994,5000000,3291163
564,Go Fish,1994,15000,2405285
565,A Good Man in Africa,1994,20000000,2308390
566,Guarding Tess,1994,20000000,27058304
567,Gunmen,1993,8030000,3411885
568,Heavenly Creatures,1994,5000000,3049135
569,Highlander III: The Sorcerer,1994,26000000,12303080
570,Houseguest,1995,10500000,26325256
571,The Hudsucker Proxy,1994,40000000,2816518
572,I Love Trouble,1994,45000000,30806194
573,I'll Do Anything,1994,40000000,10424645
574,I.Q.,1994,25000000,26381221
575,Intersection,1994,45000000,21355893
576,Interview with the Vampire: The Vampire Chronicles,1994,60000000,223664608
577,It Could Happen to You,1994,20000000,37939757
578,It Runs in the Family,1994,15000000,70936
579,It's Pat: The Movie,1994,8000000,60822
580,Jason's Lyric,1994,7000000,20851521
581,The Jerky Boys,1995,7000000,7557877
582,Jimmy Hollywood,1994,30000000,3783003
583,The Jungle Book,1994,27000000,43229904
584,Junior,1994,60000000,108431355
585,Killing Zoe,1993,1500000,418961
586,The Last Seduction,1994,2500000,5842603
587,Legends of the Fall,1994,30000000,160638883
588,Leprechaun 2,1994,2000000,2260622
589,The Lion King,1994,45000000,968511805
590,Little Giants,1994,20000000,19306362
591,Little Odessa,1994,2300000,1095885
592,The Little Rascals,1994,23000000,67308282
593,Little Women,1994,18000000,50083616
594,Love Affair,1994,60000000,18272894
595,A Low Down Dirty Shame,1994,10000000,29392418
596,LÃ©on,1994,115000000,19501238
597,Major League II,1994,25000000,30626182
598,The Mask,1994,23000000,351583407
599,Maverick,1994,75000000,183031272
600,Mixed Nuts,1994,15000000,6821850
601,Mrs. Parker and the Vicious Circle,1994,7000000,2144667
602,Muriel's Wedding,1994,9000000,15482277
603,Mute Witness,1995,2000000,1125910
604,Nadja,1994,1000000,443169
605,Naked Gun 33 1/3: The Final Insult,1994,30000000,51132598
606,Natural Born Killers,1994,34000000,50282766
607,Nell,1994,31000000,106683817
608,The Next Karate Kid,1994,12000000,15876353
609,No Escape,1994,20000000,15339030
610,Nobody's Fool,1994,20000000,39491975
611,North,1994,40000000,7182747
612,Nostradamus,1994,20000000,364164
613,On Deadly Ground,1994,50000000,38590458
614,PCU,1994,8000000,4330020
615,The Pagemaster,1994,27000000,13670688
616,The Paper,1994,6000000,48424341
617,Police Academy: Mission to Moscow,1994,6200000,126247
618,Il postino,1994,3000000,21898920
619,Pred dozhdot,1994,1900000,763847
620,PrÃªt-Ã -Porter,1994,18000000,11300653
621,Pulp Fiction,1994,8000000,214179088
622,Quiz Show,1994,31000000,24822619
623,Radioland Murders,1994,15000000,1316865
624,Rapa Nui,1994,20000000,305070
625,Reality Bites,1994,11500000,33351557
626,The Ref,1994,11000000,11439193
627,La Reine Margot,1994,42000000,1318578
628,Renaissance Man,1994,40000000,24332324
629,The Return of the Texas Chainsaw Massacre,1994,600000,185898
630,RiÂ¢hie RiÂ¢h,1994,40000000,38087756
631,The River Wild,1994,45000000,94216343
632,The Road to Wellville,1994,25000000,6562513
633,The Santa Clause,1994,22000000,189833357
634,The Secret of Roan Inish,1994,3000000,6159269
635,Serial Mom,1994,13000000,7820688
636,The Shadow,1994,25000000,48063435
637,Shallow Grave,1994,2500000,2079569
638,The Shawshank Redemption,1994,25000000,28781790
639,Silent Fall,1994,30000000,3180674
640,Spanking the Monkey,1994,200000,1359736
641,The Specialist,1994,45000000,170362582
642,Speed,1994,30000000,350448145
643,Squanto: A Warrior's Tale,1994,19200000,3342223
644,Star Trek: Generations,1994,35000000,118071125
645,Stargate,1994,55000000,196567262
646,Street Fighter,1994,35000000,99431786
647,The Sum of Us,1994,3465000,766464
648,Surviving the Game,1994,7400000,7727256
649,The Swan Princess,1994,20000000,9771658
650,Tall Tale,1995,32000000,11047627
651,Terminal Velocity,1994,50000000,16487349
652,Thumbelina,1994,28000000,11373501
653,Timecop,1994,27000000,101646581
654,True Lies,1994,115000000,378882411
655,Jui kuen II,1994,10000000,11555430
656,Utomlennye solntsem,1994,2800000,2313461
657,Wes Craven's New Nightmare,1994,8000000,19721741
658,Wolf,1994,70000000,131002597
659,Wyatt Earp,1994,63000000,25052000
660,Ace Ventura: When Nature Calls,1995,30000000,212385533
661,The American President,1995,62000000,107879496
662,Antonia,1995,1500000,4249321
663,Apollo 13,1995,52000000,355237933
664,The Thief and the Cobbler,1993,25000000,669276
665,Assassins,1995,50000000,30303072
666,An Awfully Big Adventure,1995,4000000,259724
667,Babe,1995,30000000,254134910
668,The Baby-Sitters Club,1995,6500000,9685976
669,Bad Boys,1995,19000000,141407024
670,Bad Company,1995,15000000,3674841
671,Badkonake sefid,1995,150000,924940
672,Batman Forever,1995,100000000,336567531
673,Before Sunrise,1995,2500000,5986708
674,Beyond Rangoon,1995,23000000,5750110
675,The Big Green,1995,12000000,17736619
676,Billy Madison,1995,10000000,26488734
677,Blue in the Face,1995,2000000,1268636
678,Boys on the Side,1995,21000000,23440188
679,The Brady Bunch Movie,1995,12000000,46576136
680,Braveheart,1995,72000000,213216216
681,The Bridges of Madison County,1995,24000000,182016617
682,The Brothers McMullen,1995,238000,10426506
683,Brothers in Trouble,1995,950000,8000
684,Casino,1995,52000000,116112375
685,Casper,1995,50000000,287928194
686,La citÃ© des enfants perdus,1995,18000000,1781465
687,Clockers,1995,25000000,13071518
688,Clueless,1995,12000000,56631572
689,Congo,1995,50000000,152022101
690,Copycat,1995,20000000,32051917
691,Crimson Tide,1995,53000000,157387195
692,The Crossing Guard,1995,9000000,868979
693,Cutthroat Island,1995,98000000,10017322
694,Dangerous Minds,1995,23000000,179519401
695,Dead Man,1995,9000000,1037847
696,Dead Man Walking,1995,11000000,39363635
697,Dead Presidents,1995,10000000,24147179
698,Desperado,1995,7000000,25405445
699,Devil in a Blue Dress,1995,27000000,16140822
700,Die Hard: With a Vengeance,1995,90000000,366236538
701,Dilwale Dulhania Le Jayenge,1995,40000000,36785
702,Don Juan DeMarco,1994,25000000,68792531
703,Dr. Jekyll and Ms. Hyde,1995,8000000,2763020
704,Dracula: Dead and Loving It,1995,30000000,10772144
705,Fair Game,1995,50000000,11534477
706,Father of the Bride Part II,1995,30000000,76594107
707,First Knight,1995,55000000,127600435
708,Fluke,1995,15000000,3987768
709,Four Rooms,1995,4000000,4257354
710,Friday,1995,3500000,28215918
711,Get Shorty,1995,30250000,115101622
712,GoldenEye,1995,60000000,352194034
713,The Grass Harp,1995,8000000,559771
714,Grumpier Old Men,1995,25000000,71518503
715,Gumby 1,1995,2800000,57100
716,Hackers,1995,20000000,7563728
717,La haine,1995,2590000,280859
718,Halloween: The Curse of Michael Myers,1995,5000000,15116634
719,Heat,1995,60000000,187436818
720,Hideaway,1995,15000000,12201255
721,Home for the Holidays,1995,20000000,17519169
722,Hung fan kui,1995,7500000,32392047
723,How to Make an American Quilt,1995,10000000,41200020
724,The Hunted,1995,25000000,6609661
725,In the Mouth of Madness,1994,8000000,8924549
726,The Incredibly True Adventure of Two Girls in Love,1995,250000,2210408
727,The Indian in the Cupboard,1995,45000000,35656131
728,Jade,1995,50000000,9851610
729,Jefferson in Paris,1995,14000000,2473668
730,Johnny Mnemonic,1995,26000000,19075720
731,Judge Dredd,1995,90000000,113493481
732,Jumanji,1995,65000000,262821940
733,A Kid in King Arthur's Court,1995,15000000,13406717
734,Kids,1995,1500000,7412216
735,Kiss of Death,1995,40000000,14942422
736,KÃ´kaku KidÃ´tai,1995,600000000,515905
737,Leaving Las Vegas,1995,3600000,32029928
738,A Little Princess,1995,17000000,10015449
739,Living in Oblivion,1995,500000,1111790
740,Lord of Illusions,1995,12000000,13294422
741,Losing Isaiah,1995,17000000,7603766
742,Mallrats,1995,6000000,2122561
743,Man with a Plan,1996,100000,33402
744,Mighty Aphrodite,1995,15000000,6468498
745,Mighty Morphin Power Rangers: The Movie,1995,15000000,66433194
746,Money Train,1995,68000000,35431113
747,Mortal Kombat,1995,18000000,122195920
748,Mr. Holland's Opus,1995,23000000,106269971
749,My Family,1995,5500000,11079373
750,The Net,1995,22000000,110627965
751,Never Talk to Strangers,1995,6400000,6858261
752,New Jersey Drive,1995,5000000,3565508
753,Nick of Time,1995,33000000,8175346
754,Nixon,1995,44000000,13681765
755,Nothing to Lose,1995,200000,15843
756,Othello,1995,11000000,2844379
757,Outbreak,1995,50000000,189859560
758,Party Girl,1995,150000,472370
759,The Pebble and the Penguin,1995,28000000,3983912
760,The Perez Family,1995,11000000,2832826
761,Pocahontas,1995,55000000,346079773
762,Powder,1995,9500000,30862156
763,The Prophecy,1995,8000000,16115878
764,The Quick and the Dead,1995,32000000,18636537
765,Restoration,1995,19000000,4005941
766,Richard III,1995,6000000,2748518
767,Rob Roy,1995,28000000,31596911
768,Roommates,1995,22000000,12096881
769,Sabrina,1995,58000000,53672080
770,Safe,1995,1000000,512245
771,The Scarlet Letter,1995,46000000,10382407
772,Screamers,1995,20000000,5711695
773,Se7en,1995,33000000,327311859
774,Search and Destroy,1995,4000000,389503
775,Sense and Sensibility,1995,16000000,134582776
776,Showgirls,1995,45000000,20350754
777,Smoke,1995,7000000,8367636
778,Species,1995,35000000,113374103
779,The Stars Fell on Henrietta,1995,13000000,99318
780,Steal Big Steal Little,1995,35000000,3150170
781,Strange Days,1995,42000000,7959291
782,Sudden Death,1995,35000000,64350171
783,Swimming with Sharks,1994,700000,382928
784,Tales from the Crypt: Demon Knight,1995,13000000,21089146
785,Tales from the Hood,1995,6000000,11837928
786,Tank Girl,1995,25000000,4064495
787,Things to Do in Denver When You're Dead,1995,7000000,529766
788,Three Wishes,1995,10000000,7027517
789,Land and Freedom,1995,2500000,228800
790,To Die For,1995,20000000,21284514
791,Top Dog,1995,6000000,5093707
792,Total Eclipse,1995,8000000,340139
793,Toy Story,1995,30000000,406594102
794,Twelve Monkeys,1995,29000001,168839459
795,Under Siege 2: Dark Territory,1995,60000000,104324083
796,Underground,1995,14000000,171082
797,Underneath,1995,6500000,536023
798,The Usual Suspects,1995,6000000,23341568
799,Vampire in Brooklyn,1995,20000000,19751736
800,Village of the Damned,1995,22000000,9418365
801,Virtuosity,1995,30000000,24047675
802,Waiting to Exhale,1995,16000000,81452156
803,A Walk in the Clouds,1995,20000000,50008143
804,The Walking Dead,1995,15000000,6014341
805,Waterworld,1995,175000000,264218220
806,Welcome to the Dollhouse,1995,800000,4569019
807,While You Were Sleeping,1995,17000000,182057016
808,White Man's Burden,1995,7000000,3734870
809,Wild Bill,1995,30000000,2193982
810,101 Dalmatians,1996,75000000,320689294
811,The Adventures of Pinocchio,1996,25000000,15094530
812,Alaska,1996,23000000,11829959
813,Albino Alligator,1996,6000000,339379
814,The Arrival,1996,25000000,14063331
815,Bad Moon,1996,7000000,1060264
816,Basquiat,1996,3300000,3011195
817,Beavis and Butt-Head Do America,1996,12000000,63118386
818,Before and After,1996,35000000,8797839
819,Big Bully,1996,15000000,2042530
820,Big Night,1996,4100000,12008376
821,Bio-Dome,1996,15000000,13427615
822,The Birdcage,1996,31000000,185260553
823,Blood and Wine,1996,22000000,1094668
824,Bogus,1996,30000000,4357406
825,Bottle Rocket,1996,7000000,560069
826,Bound,1996,4500000,3802260
827,Breathing Room,1996,500000,16299
828,Broken Arrow,1996,50000000,150270147
829,Bulletproof,1996,25000000,22611954
830,The Cable Guy,1996,47000000,102825796
831,Carpool,1996,17000000,3325651
832,Chacun cherche son chat,1996,300000,1474628
833,Chain Reaction,1996,50000000,60209334
834,The Chamber,1996,50000000,22540359
835,Childhood's End,1996,600000,3804
836,Citizen Ruth,1996,3000000,285112
837,City Hall,1996,40000000,20340204
838,Commandments,1997,6000000,548561
839,Courage Under Fire,1996,46000000,100860818
840,The Craft,1996,15000000,24819936
841,Crash,1996,9000000,2664812
842,The Crow: City of Angels,1996,13000000,17917287
843,The Crucible,1996,25000000,7343114
844,Curdled,1996,2300000,49620
845,Daylight,1996,80000000,159212469
846,Dear God,1996,22000000,7138523
847,DjÃ¶flaeyjan,1996,200000000,5814
848,Don't Be a Menace to South Central While Drinking Your Juice in the Hood,1996,3800000,20949601
849,Down Periscope,1996,31000000,37553752
850,DragonHeart,1996,57000000,115267375
851,Ed,1996,24000000,4422380
852,Eddie,1996,30000000,31387164
853,Emma,1996,6000000,22231658
854,The English Patient,1996,27000000,231976425
855,Eraser,1996,100000000,242295562
856,Escape from L.A.,1996,50000000,25477365
857,Everyone Says I Love You,1996,20000000,9759200
858,Evita,1996,55000000,141047179
859,Executive Decision,1996,55000000,121969216
860,Extreme Measures,1996,38000000,17380126
861,Eye for an Eye,1996,20000000,26877589
862,Faithful,1996,13000000,2104439
863,The Fan,1996,55000000,18626419
864,Fargo,1996,7000000,60611975
865,Feng yue,1996,7000000,1100788
866,The First Wives Club,1996,26000000,181489203
867,Fled,1996,25000000,17193231
868,Flipper,1996,25530000,20080020
869,Flirting with Disaster,1996,7000000,14702438
870,Fly Away Home,1996,22000000,25143818
871,Freeway,1996,3000000,295493
872,The Frighteners,1996,30000000,29359216
873,From Dusk Till Dawn,1996,19000000,25836616
874,The Funeral,1996,12500000,1227324
875,Get on the Bus,1996,2400000,5754249
876,The Ghost and the Darkness,1996,55000000,38619405
877,Ghosts of Mississippi,1996,36000000,13323144
878,Girl 6,1996,12000000,4939939
879,The Glimmer Man,1996,45000000,20351264
880,Grace of My Heart,1996,5000000,660313
881,Gray's Anatomy,1996,350000,29090
882,Hamlet,1996,18000000,4770222
883,Hamsun,1996,40000000,50000
884,Happy Gilmore,1996,12000000,41205099
885,Harriet the Spy,1996,12000000,26570048
886,Heaven's Prisoners,1996,25000000,5009305
887,Hellraiser: Bloodline,1996,4000000,9336886
888,Le huitiÃ¨me jour,1996,25000000,33031984
889,The Hunchback of Notre Dame,1996,100000000,325338851
890,If Lucy Fell,1996,5000000,2420162
891,Independence Day,1996,75000000,817400891
892,The Island of Dr. Moreau,1996,40000000,49627779
893,Jack,1996,45000000,58620973
894,James and the Giant Peach,1996,38000000,28946127
895,Jerry Maguire,1996,50000000,273552592
896,Jingle All the Way,1996,60000000,129832389
897,Joe's Apartment,1996,13000000,4619014
898,Jude,1996,7000000,409144
899,The Juror,1996,44000000,22754725
900,Kama Sutra: A Tale of Love,1996,3000000,4109095
901,Kansas City,1996,19000000,1356828
902,Kazaam,1996,20000000,18937262
903,Kingpin,1996,27000000,25023434
904,Larger Than Life,1996,30000000,8315693
905,Last Man Standing,1996,67000000,47267001
906,Lawnmower Man 2: Beyond Cyberspace,1996,15000000,2409225
907,Lilies - Les feluettes,1996,2200000,301548
908,Lone Star,1996,5000000,12408986
909,The Long Kiss Goodnight,1996,65000000,89456761
910,Lost Highway,1997,15000000,3703548
911,Love Serenade,1996,3800000,604523
912,Love and Other Catastrophes,1996,250000,294212
913,Mad Dog Time,1996,8000000,107874
914,Manny & Lo,1996,500000,502313
915,Mars Attacks!,1996,70000000,101371017
916,Marvin's Room,1996,23000000,12803305
917,Mary Reilly,1996,47000000,12379402
918,Matilda,1996,36000000,33459416
919,Maximum Risk,1996,25000000,14502483
920,Mercy,1995,52000,2967
921,Michael Collins,1996,25000000,11135803
922,Shekvarebuli kulinaris ataserti retsepti,1996,17000000,686704
923,The Mirror Has Two Faces,1996,42000000,41083864
924,Mission: Impossible,1996,80000000,457731166
925,Mother Night,1996,6000000,403701
926,Mrs. Winterbourne,1996,25000000,10082005
927,Mulholland Falls,1996,29000000,11526099
928,Multiplicity,1996,45000000,21075014
929,My Fellow Americans,1996,21500000,22313201
930,The Nutty Professor,1996,54000000,273961019
931,Original Gangstas,1996,4800000,3718087
932,The Pallbearer,1996,8000000,5656388
933,The People vs. Larry Flynt,1996,36000000,20300385
934,The Phantom,1996,45000000,17323326
935,Phenomenon,1996,32000000,152036382
936,The Preacher's Wife,1996,40000000,48102795
937,Primal Fear,1996,30000000,102616183
938,Pusher,1996,6000000,1605
939,The Quest,1996,30000000,57400547
940,Ransom,1996,80000000,309492681
941,Reggie's Prayer,1996,2600000,52665
942,Ridicule,1996,50000000,1979768
943,The Rock,1996,75000000,335062621
944,Romeo + Juliet,1996,14500000,151841661
945,Schizopolis,1996,250000,10580
946,Scream,1996,14000000,173046663
947,The Secret Agent,1996,7000000,106606
948,Secrets & Lies,1996,4500000,13417292
949,Set It Off,1996,9000000,41590886
950,Sgt. Bilko,1996,39000000,37956793
951,She's the One,1996,3500000,9538948
952,Shine,1996,5500000,35994719
953,Sleepers,1996,44000000,165615285
954,Sling Blade,1996,1000000,24444121
955,Solo,1996,19000000,5107669
956,Space Jam,1996,80000000,230418342
957,The Spitfire Grill,1996,6000000,12658486
958,Spy Hard,1996,18000000,26960191
959,Star Trek: First Contact,1996,45000000,146027888
960,Stealing Beauty,1996,10000000,4762310
961,Striptease,1996,40000000,113309743
962,The Stupids,1996,25000000,2491989
963,Surviving Picasso,1996,16000000,2021348
964,Swingers,1996,200000,4555020
965,Bordello of Blood,1996,13000000,5781045
966,Tesis,1996,721214,14227
967,That Thing You Do!,1996,26000000,34585416
968,A Thin Line Between Love and Hate,1996,8000000,35599803
969,Thinner,1996,8500000,15315484
970,A Time to Kill,1996,40000000,152266007
971,Tin Cup,1996,45000000,53854588
972,Trainspotting,1996,3500000,16593356
973,Trees Lounge,1996,1300000,749741
974,The Trigger Effect,1996,8000000,3622979
975,Twelfth Night or What You Will,1996,5000000,588621
976,Twister,1996,92000000,494471524
977,Two Much,1995,24000000,1141556
978,Un air de famille,1996,3800000,92806
979,Unforgettable,1996,18000000,2821671
980,Up Close & Personal,1996,60000000,100688705
981,A Very Brady Sequel,1996,12000000,21440752
982,Waiting for Guffman,1996,4000000,2923982
983,Walking and Talking,1996,1000000,1287480
984,White Squall,1996,38000000,10292300
985,The Whole Wide World,1996,1300000,375757
986,Dead Man on Campus,1998,14000000,15064946
987,'Til There Was You,1997,1000000,3525125
988,One Eight Seven,1997,20000000,5727130
989,8 Heads in a Duffel Bag,1997,3000000,3602884
990,Absolute Power,1997,50000000,50068310
991,Affliction,1997,6000000,6330054
992,Air Bud,1997,3000000,23144499
993,Air Force One,1997,85000000,315156409
994,An Alan Smithee Film: Burn Hollywood Burn,1997,10000000,59921
995,Alien Resurrection,1997,75000000,161376068
996,An American Werewolf in Paris,1997,25000000,26570463
997,Amistad,1997,36000000,44229441
998,Anaconda,1997,45000000,136885767
999,Anastasia,1997,50000000,139804348
1000,Anna Karenina,1997,35000000,858553
1001,The Apostle,1997,5000000,19868354
1002,Apt Pupil,1998,14000000,8863193
1003,Austin Powers: International Man of Mystery,1997,16500000,67683989
1004,The Avengers,1998,60000000,23384939
1005,Baby Geniuses,1999,12000000,36450736
1006,Batman & Robin,1997,125000000,238235915
1007,Bean,1997,18000000,251212670
1008,The Beautician and the Beast,1997,16000000,11486880
1009,Beverly Hills Ninja,1997,18000000,31480418
1010,The Big Lebowski,1998,15000000,46735469
1011,Six-String Samurai,1998,2000000,146125
1012,Hush,1998,21000000,13583690
1013,Blues Brothers 2000,1998,28000000,14051384
1014,Boogie Nights,1997,15000000,43101594
1015,The Borrowers,1997,29000000,22619589
1016,Les Boys,1997,3300000,4602341
1017,Breakdown,1997,36000000,50159144
1018,Buddy,1997,25000000,10113400
1019,Buffalo '66,1998,1500000,2375097
1020,Bulworth,1998,30000000,29202884
1021,La vita Ã¨ bella,1997,20000000,230098753
1022,Cats Don't Dance,1997,32000000,3566637
1023,Chasing Amy,1997,250000,12021272
1024,Chun gwong cha sit,1997,4200000,320319
1025,Bacheha-Ye aseman,1997,180000,933933
1026,City of Industry,1997,8000000,1568258
1027,Clay Pigeons,1998,8000000,1794086
1028,Con Air,1997,75000000,224012234
1029,Conspiracy Theory,1997,75000000,136982834
1030,Contact,1997,90000000,171120329
1031,Cop Land,1997,15000000,44862187
1032,Dangerous Beauty,1998,8000000,4553271
1033,Critical Care,1997,12000000,221193
1034,Dante's Peak,1997,116000000,178127760
1035,Dark City,1998,27000000,27200316
1036,Deconstructing Harry,1997,20000000,10686841
1037,Deep Rising,1998,45000000,11203026
1038,Desperate Measures,1998,50000000,13806137
1039,The Devil's Advocate,1997,57000000,152944660
1040,The Devil's Own,1997,90000000,140807547
1041,Doctor Dolittle,1998,71500000,294456605
1042,Donnie Brasco,1997,35000000,124909762
1043,Double Team,1997,30000000,11438337
1044,Dream with the Fishes,1997,1000000,543708
1045,Le dÃ®ner de cons,1998,82000000,4071548
1046,The Edge,1997,30000000,43312294
1047,Almost Heroes,1998,30000000,6136856
1048,The End of Violence,1997,5000000,386673
1049,Onegin,1999,14000000,206128
1050,Eve's Bayou,1997,6000000,14842388
1051,Event Horizon,1997,60000000,26673242
1052,Excess Baggage,1997,20000000,14515490
1053,Face/Off,1997,80000000,245676146
1054,Fall,1997,1000000,51266
1055,Fathers' Day,1997,85000000,28598376
1056,Fierce Creatures,1997,25000000,9381260
1057,The Fifth Element,1997,93000000,264029966
1058,Fire Down Below,1997,60000000,16228448
1059,Flubber,1997,80000000,177977226
1060,Follow Me Home,1996,220000,52155
1061,Fools Rush In,1997,20000000,29481428
1062,For Richer or Poorer,1997,35000000,32748995
1063,The Full Monty,1997,3500000,257938649
1064,G.I. Jane,1997,50000000,48169156
1065,The Game,1997,50000000,109423648
1066,Gattaca,1997,36000000,12532777
1067,George of the Jungle,1997,55000000,174463257
1068,The Gingerbread Man,1998,25000000,1677131
1069,Switchback,1997,37000000,6492660
1070,Gone Fishin',1997,53000000,19745922
1071,Good Burger,1997,9000000,23712993
1072,Good Will Hunting,1997,10000000,225933435
1073,Goodbye America,1997,75000000,4635
1074,Goodbye Lover,1998,20000000,1940299
1075,Great Expectations,1998,25000000,55494066
1076,Grosse Pointe Blank,1997,15000000,28084357
1077,Gummo,1997,1300000,116799
1078,Sydney,1996,3000000,222559
1079,Hercules,1997,85000000,252712101
1080,Home Alone 3,1997,32000000,79082515
1081,Home Fries,1998,35000000,10493366
1082,Hoodlum,1997,30000000,23499102
1083,Hope Floats,1998,30000000,81471882
1084,The Horse Whisperer,1998,60000000,186883563
1085,The House of Yes,1997,1500000,626057
1086,Hurlyburly,1998,15000000,1808004
1087,Hurricane,1997,500000,375634
1088,I Know What You Did Last Summer,1997,17000000,125586134
1089,I Married a Strange Person!,1997,250000,206272
1090,The Ice Storm,1997,18000000,8038061
1091,In & Out,1997,35000000,63856929
1092,In the Company of Men,1997,25000,2804473
1093,The Jackal,1997,60000000,159330280
1094,Jackie Brown,1997,12000000,39673162
1095,Jungle 2 Jungle,1997,32000000,59927618
1096,Karakter,1997,4500000,623983
1097,Kicked in the Head,1997,4000000,21361
1098,"Kiss Me, Guido",1997,740000,1918497
1099,Kiss or Kill,1997,2000000,801728
1100,Kiss the Girls,1997,27000000,60527873
1101,Knockin' on Heaven's Door,1997,4300000,5710
1102,Kull the Conqueror,1997,20000000,6112613
1103,Kundun,1997,28000000,5684789
1104,L.A. Confidential,1997,35000000,126216940
1105,The Last Time I Committed Suicide,1997,4000000,46362
1106,Lawn Dogs,1997,8000000,106404
1107,Leave It to Beaver,1997,15000000,10925060
1108,Your Friends & Neighbors,1998,5000000,4714658
1109,Liar Liar,1997,45000000,302710615
1110,A Life Less Ordinary,1997,12000000,4366722
1111,Lolita,1997,62000000,1071255
1112,No Looking Back,1998,5000000,222099
1113,The Lost World: Jurassic Park,1997,73000000,618638999
1114,Love Jones,1997,10000000,12782749
1115,Mad City,1997,50000000,10541523
1116,Twilight,1998,37000000,15055091
1117,McHale's Navy,1997,31190000,4529843
1118,Meet Joe Black,1998,90000000,142940100
1119,Men in Black,1997,90000000,589390539
1120,Men with Guns,1997,2500000,910773
1121,Metro,1997,55000000,32000301
1122,Midnight in the Garden of Good and Evil,1997,35000000,25105255
1123,Mimic,1997,30000000,25480490
1124,Money Talks,1997,25000000,48407611
1125,Mortal Kombat: Annihilation,1997,30000000,51376861
1126,Most Wanted,1997,25000000,11838218
1127,Mousehunt,1997,38000000,122417389
1128,Mr. Magoo,1997,30000000,21437192
1129,Murder at 1600,1997,40000000,25804707
1130,My Best Friend's Wedding,1997,38000000,299288605
1131,The Myth of Fingerprints,1997,2000000,523025
1132,Next Stop Wonderland,1998,1000000,3395581
1133,The Night Flier,1997,1000000,125397
1134,Nil by Mouth,1997,9000000,266130
1135,Snitch,1998,11000000,333760
1136,Nothing to Lose,1997,25000000,44480039
1137,As Good as It Gets,1997,50000000,314178011
1138,One Night Stand,1997,24000000,2642983
1139,Oscar and Lucinda,1997,16000000,1897404
1140,Out to Sea,1997,33000000,30716901
1141,Paradise Road,1997,16000000,2007100
1142,The Peacemaker,1997,50000000,110463140
1143,The Pest,1997,17000000,3600616
1144,Picture Perfect,1997,10000000,44332015
1145,Pippi Longstocking,1997,80000000,505335
1146,The Players Club,1998,4500000,23261485
1147,Playing God,1997,12000000,4166918
1148,The Postman,1997,80000000,17626234
1149,Without Limits,1998,25000000,777423
1150,Prefontaine,1997,8000000,589304
1151,Primary Colors,1998,65000000,52090187
1152,Private Parts,1997,28000000,41230799
1153,The Rainmaker,1997,40000000,45916769
1154,Red Corner,1997,48000000,22459274
1155,The Relic,1997,40000000,33956608
1156,The Replacement Killers,1998,30000000,19204929
1157,Rien ne va plus,1997,60000000,250899
1158,Rosewood,1997,25000000,13130349
1159,The Saint,1997,68000000,118063304
1160,Savior,1998,10000000,14328
1161,Scream 2,1997,24000000,172363301
1162,Selena,1997,20000000,35281794
1163,Seven Years in Tibet,1997,70000000,131457682
1164,Shadow Conspiracy,1997,45000000,2312463
1165,She's So Lovely,1997,18000000,7281450
1166,Shooting Fish,1997,3000000,375261
1167,Sibirskiy tsiryulnik,1998,35000000,2634218
1168,A Simple Wish,1997,28000000,8345056
1169,The Sixth Man,1997,11000000,14772788
1170,Sliding Doors,1998,6000000,11841544
1171,A Smile Like Yours,1997,18000000,3330352
1172,Smilla's Sense of Snow,1997,35000000,2372903
1173,Soldier,1998,60000000,14594226
1174,Soul Food,1997,7500000,43700855
1175,The Spanish Prisoner,1997,10000000,9593903
1176,Spawn,1997,40000000,87840042
1177,Speed 2: Cruise Control,1997,160000000,164508066
1178,Sphere,1998,80000000,37020277
1179,Spice World,1997,25000000,29342592
1180,Three Kings,1999,75000000,107752036
1181,Starship Troopers,1997,105000000,121214377
1182,Steel,1997,16000000,1710972
1183,Suicide Kings,1997,5000000,1740156
1184,The Sweet Hereafter,1997,5000000,3263585
1185,Tango,1998,700000000,1897948
1186,Telling Lies in America,1997,4000000,318809
1187,That Old Feeling,1997,35000000,16574176
1188,Smoke Signals,1998,2000000,6745362
1189,A Thousand Acres,1997,28000000,7936780
1190,A Simple Plan,1998,30000000,16316273
1191,Titanic,1997,200000000,2187463944
1192,Tomorrow Never Dies,1997,110000000,333011068
1193,Toy Story 2,1999,90000000,508793269
1194,Trojan War,1997,15000000,309
1195,The Truman Show,1998,60000000,264118201
1196,Turbo: A Power Rangers Movie,1997,8000000,9615840
1197,Turbulence,1997,55000000,11538235
1198,Twin Town,1997,3300000,127923
1199,U Turn,1997,19000000,6682098
1200,Ulee's Gold,1997,2700000,9161691
1201,Vegas Vacation,1997,25000000,36400360
1202,Virus,1999,75000000,30657854
1203,Volcano,1997,90000000,122823468
1204,Star Kid,1997,12000000,7029025
1205,Warriors of Virtue,1997,35000000,6537036
1206,The Man Who Knew Too Little,1997,20000000,13717039
1207,The Waterboy,1998,23000000,185991646
1208,Welcome to Sarajevo,1997,9000000,334319
1209,Wide Awake,1998,6000000,282175
1210,Wilde,1997,10000000,2158775
1211,Wishmaster,1997,5000000,15738769
1212,Woo,1998,13000000,8165984
1213,Celebrity,1998,12000000,5078660
1214,54,1998,13000000,16757163
1215,All the Little Animals,1998,3500000,26558
1216,American History X,1998,20000000,23875127
1217,Antz,1998,105000000,171757863
1218,Armageddon,1998,140000000,553709788
1219,Babe: Pig in the City,1998,90000000,69131860
1220,The Bachelor,1999,51000000,36911617
1221,Barney's Great Adventure,1998,15000000,12218638
1222,Being John Malkovich,1999,13000000,23106667
1223,Beloved,1998,80000000,22852487
1224,Beowulf,1999,3500000,102744
1225,The Big Hit,1998,13000000,27007143
1226,Black Dog,1998,30000000,12951088
1227,Blade,1998,45000000,131183530
1228,A Walk on the Moon,1999,14000000,4750660
1229,The Mummy,1999,80000000,415933406
1230,Breakfast of Champions,1999,12000000,178278
1231,Brokedown Palace,1999,25000000,10115013
1232,A Bug's Life,1998,120000000,363258859
1233,EverAfter,1998,26000000,98005666
1234,City of Angels,1998,55000000,198685114
1235,A Civil Action,1998,75000000,56709981
1236,Meet the Deedles,1998,24000000,4356216
1237,The Deep End of the Ocean,1999,38000000,28121100
1238,Deep Impact,1998,75000000,349464664
1239,Dirty Work,1998,13000000,10023282
1240,Dogma,1999,10000000,31429330
1241,The 13th Warrior,1999,160000000,61698899
1242,Enemy of the State,1998,90000000,250849789
1243,Eye of the Beholder,1999,35000000,17589705
1244,Eyes Wide Shut,1999,65000000,162091208
1245,Fear and Loathing in Las Vegas,1998,18500000,10680275
1246,Firestorm,1998,19000000,8165212
1247,Gloria,1999,30000000,4197729
1248,Gods and Monsters,1998,10000000,6451628
1249,Godzilla,1998,130000000,379014294
1250,Stepmom,1998,50000000,159710793
1251,The Green Mile,1999,60000000,286801374
1252,Half Baked,1998,8000000,17460020
1253,Halloween H20: 20 Years Later,1998,17000000,55041738
1254,Hard Rain,1998,70000000,19870567
1255,Holy Man,1998,60000000,12069719
1256,How Stella Got Her Groove Back,1998,20000000,39278722
1257,In Dreams,1999,30000000,12017369
1258,Jakob the Liar,1999,45000000,4956401
1259,Living Out Loud,1998,20000000,15610299
1260,Knock Off,1998,35000000,10319915
1261,The Last Days of Disco,1998,8000000,3020601
1262,La leggenda del pianista sull'oceano,1998,9000000,167435
1263,"Lock, Stock and Two Smoking Barrels",1998,960000,3753929
1264,Lost in Space,1998,80000000,136159423
1265,Jane Austen's Mafia!,1998,10000000,19889299
1266,Major League: Back to the Minors,1998,18000000,3572443
1267,The Man in the Iron Mask,1998,35000000,182968902
1268,The Mask of Zorro,1998,95000000,250288523
1269,Mercury Rising,1998,60000000,93107289
1270,Mighty Joe Young,1998,90000000,50632037
1271,The Mod Squad,1999,50000000,13263993
1272,Mulan,1998,90000000,304320254
1273,My Favorite Martian,1999,65000000,36850101
1274,The Negotiator,1998,50000000,44547681
1275,The Newton Boys,1998,27000000,10452012
1276,A Night at the Roxbury,1998,17000000,30331165
1277,The Object of My Affection,1998,15000000,46905889
1278,One Man's Hero,1999,11350000,240067
1279,One True Thing,1998,30000000,26616840
1280,The Opposite of Sex,1997,5000000,5881367
1281,Out of Sight,1998,48000000,77745568
1282,Payback,1999,90000000,161626121
1283,A Perfect Murder,1998,60000000,128038368
1284,Pleasantville,1998,60000000,49805462
1285,Practical Magic,1998,75000000,46732881
1286,The Prince of Egypt,1998,70000000,218613188
1287,Pushing Tin,1999,33000000,8408835
1288,Quest for Camelot,1998,40000000,22510798
1289,Le violon rouge,1998,18000000,10019109
1290,Rush Hour,1998,33000000,244721064
1291,Safe Men,1998,1000000,45724
1292,Saving Private Ryan,1998,70000000,482349603
1293,Senseless,1998,15000000,12874899
1294,Six Days Seven Nights,1998,70000000,164839294
1295,Slums of Beverly Hills,1998,5000000,5502773
1296,Snake Eyes,1998,73000000,103891409
1297,Snow Falling on Cedars,1999,35000000,23049593
1298,Lost & Found,1999,30000000,6552255
1299,Star Trek: Insurrection,1998,58000000,112587658
1300,Tarzan,1999,130000000,448191819
1301,Tarzan and the Lost City,1998,20000000,2172941
1302,Un tÃ¨ con Mussolini,1999,12000000,14401563
1303,The Thin Red Line,1998,52000000,98126565
1304,U.S. Marshals,1998,60000000,102367405
1305,Vampires,1998,20000000,20308772
1306,The Velocity of Gary,1998,4000000,2143
1307,Les couloirs du temps: Les visiteurs II,1998,140000000,146072
1308,Wag the Dog,1997,15000000,64256513
1309,The Wedding Singer,1998,18000000,123306987
1310,What Dreams May Come,1998,85000000,55382927
1311,Wild Things,1998,20000000,30147739
1312,Wild Wild West,1999,170000000,222104681
1313,The X Files,1998,66000000,189176423
1314,Zero Effect,1998,5000000,2087471
1315,eXistenZ,1999,15000000,2856712
1316,Fantasia 2000,1999,80000000,90874570
1317,Star Wars: Episode I - The Phantom Menace,1999,115000000,1027082707
1318,Lethal Weapon 4,1998,140000000,285444603
1319,An Ideal Husband,1999,14000000,18542974
1320,Sista kontraktet,1998,24000000,3899
1321,Ronin,1998,55000000,41616262
1322,Small Soldiers,1998,40000000,54682547
1323,La gabbianella e il gatto,1998,6000000,82106
1324,Among Giants,1998,2500000,65748
1325,Analyze This,1999,80000000,176885658
1326,The Other Sister,1999,35000000,27807627
1327,Just the Ticket,1998,12000000,430404
1328,Cube,1997,365000,565727
1329,Life,1999,80000000,73475268
1330,Strangeland,1998,1100000,713239
1331,Two Girls and a Guy,1997,1000000,2057193
1332,Under the Skin,1997,1000000,140254
1333,Very Bad Things,1998,30000000,9898412
1334,Vor,1997,2000000,1126506
1335,Blast from the Past,1999,35000000,40263020
1336,The Cider House Rules,1999,24000000,88545092
1337,He Got Game,1998,25000000,21567853
1338,Orgazmo,1997,1000000,602302
1339,Simon Birch,1998,30000000,18253415
1340,The Hanging Garden,1997,1500000,24909
1341,Notting Hill,1999,42000000,363944522
1342,Paulie,1998,23000000,26875268
1343,Abre los ojos,1997,370000000,377967
1344,Man on the Moon,1999,82000000,47434430
1345,Outside Providence,1999,7000000,7302522
1346,Cookie's Fortune,1999,10000000,10920544
1347,Desert Blue,1998,2000000,100590
1348,Pecker,1998,6000000,2281761
1349,Bedrooms and Hallways,1998,3000000,136049
1350,The Loss of Sexual Innocence,1999,4000000,164022
1351,Election,1999,25000000,14902041
1352,For Love of the Game,1999,80000000,46112640
1353,Hav Plenty,1997,650000,2284034
1354,Six Ways to Sunday,1997,2500000,54751
1355,The Sticky Fingers of Time,1997,250000,1610
1356,Clubland,1999,1000000,18529
1357,Elizabeth,1998,30000000,82150642
1358,Another Day in Paradise,1998,4500000,1036818
1359,Can't Hardly Wait,1998,10000000,25605015
1360,Tale of the Mummy,1998,8000000,831785
1361,"First Love, Last Rites",1997,300000,42953
1362,Grey Owl,1999,30000000,632617
1363,Instinct,1999,80000000,34105207
1364,NÃ´,1998,1500000,4868
1365,Rounders,1998,12000000,22912409
1366,Rushmore,1998,9000000,17195500
1367,You've Got Mail,1998,65000000,250821495
1368,Hell's Kitchen,1998,6000000,11710
1369,The Iron Giant,1999,70000000,23179225
1370,The Out-of-Towners,1999,75000000,28544120
1371,Patch Adams,1998,90000000,202292902
1372,Ravenous,1999,12000000,2062405
1373,There's Something About Mary,1998,23000000,369884651
1374,I Still Know What You Did Last Summer,1998,65000000,40002112
1375,Mickey Blue Eyes,1999,75000000,54264342
1376,AimÃ©e & Jaguar,1999,15000000,927107
1377,Lola rennt,1998,3500000,7267585
1378,Bowfinger,1999,55000000,98625775
1379,Edtv,1999,80000000,35242897
1380,I Got the Hook Up,1998,3500000,10317779
1381,Wing Commander,1999,30000000,11578059
1382,BASEketball,1998,25000000,7027290
1383,Mystery Men,1999,68000000,33461011
1384,October Sky,1999,25000000,34698685
1385,At First Sight,1999,60000000,22365133
1386,Teaching Mrs. Tingle,1999,13000000,8951935
1387,The Matrix,1999,63000000,465343787
1388,AstÃ©rix & ObÃ©lix contre CÃ©sar,1999,274620000,1632567
1389,Best Laid Plans,1999,7000000,27816
1390,The Faculty,1998,15000000,40283321
1391,The Siege,1998,70000000,116672912
1392,The Rugrats Movie,1998,24000000,140894675
1393,The Talented Mr. Ripley,1999,40000000,128798265
1394,Ride with the Devil,1999,38000000,635096
1395,8MM,1999,40000000,96618699
1396,"Mystery, Alaska",1999,28000000,8891623
1397,Disturbing Behavior,1998,15000000,17514980
1398,Hideous Kinky,1998,12000000,1263279
1399,200 Cigarettes,1999,6000000,6852450
1400,Arlington Road,1999,31000000,41067311
1401,Les Boys II,1998,4700000,5974732
1402,Entrapment,1999,66000000,212404396
1403,Fight Club,1999,63000000,101187217
1404,Shakespeare in Love,1998,25000000,289317794
1405,The 24 Hour Woman,1999,2500000,109535
1406,The Astronaut's Wife,1999,75000000,19598588
1407,Edge of Seventeen,1998,700000,871759
1408,Idle Hands,1999,25000000,4152230
1409,Pi,1998,60000,3221152
1410,Taxman,1998,3500000,9871
1411,20 Dates,1998,60000,541636
1412,Cruel Intentions,1999,10500000,76347426
1413,Go,1999,20000000,28451622
1414,Lake Placid,1999,35000000,56870414
1415,Message in a Bottle,1999,80000000,118880016
1416,Slam,1998,1000000,1009819
1417,True Crime,1999,55000000,16649768
1418,Varsity Blues,1999,16000000,54294169
1419,The Thirteenth Floor,1999,16000000,18564088
1420,The Insider,1999,90000000,60289912
1421,A Midsummer Night's Dream,1999,11000000,16071990
1422,Mumford,1999,28000000,4555459
1423,Solo fÃ¼r Klarinette,1998,6800000,19278
1424,Whatever,1998,1000000,307037
1425,Central do Brasil,1998,2900000,5971073
1426,Forces of Nature,1999,75000000,93900680
1427,Jack Frost,1998,85000000,34562556
1428,Inspector Gadget,1999,90000000,134403112
1429,The Corruptor,1999,25000000,24493601
1430,Crazy in Alabama,1999,15000000,2005840
1431,Histoires d'hiver,1999,2300000,138411
1432,Big Daddy,1999,34200000,234801895
1433,The Ninth Gate,1999,38000000,58401898
1434,The World Is Not Enough,1999,135000000,361832400
1435,Molly,1999,21000000,17650
1436,Shattered Image,1998,7500000,106116
1437,The Boondock Saints,1999,6000000,30471
1438,Bride of Chucky,1998,25000000,50688658
1439,The Cherry Orchard,1999,5000000,135280
1440,Dick,1999,13000000,6262878
1441,Dreaming of Joseph Lees,1999,2000000,12044
1442,The General's Daughter,1999,95000000,149705852
1443,Tequila Body Shots,1999,1700000,9037
1444,Three to Tango,1999,20000000,10570375
1445,The Rage: Carrie 2,1999,21000000,17762705
1446,Stigmata,1999,29000000,89446268
1447,Angela's Ashes,1999,50000000,13042112
1448,Austin Powers: The Spy Who Shagged Me,1999,33000000,312016858
1449,The Bone Collector,1999,73000000,151493655
1450,Playing by Heart,1998,20000000,3970078
1451,Simply Irresistible,1999,6000000,4398989
1452,Urban Legend,1998,14000000,72527595
1453,End of Days,1999,100000000,211989043
1454,Any Given Sunday,1999,55000000,100230832
1455,Happiness,1998,2200000,2982011
1456,10 Things I Hate About You,1999,30000000,53478166
1457,Deep Blue Sea,1999,60000000,164648142
1458,Anywhere But Here,1999,23000000,23631929
1459,Cradle Will Rock,1999,36000000,2986932
1460,Double Jeopardy,1999,70000000,177841558
1461,Fucking ÃmÃ¥l,1998,9000000,219331
1462,Hilary and Jackie,1998,7000000,4912892
1463,Hum Dil De Chuke Sanam,1999,60000000,1007446
1464,Joan of Arc,1999,85000000,66976317
1465,Topsy-Turvy,1999,10000000,6208548
1466,Never Been Kissed,1999,25000000,84565230
1467,Office Space,1999,10000000,10827810
1468,Festen,1998,1300000,1656223
1469,Following,1998,6000,48482
1470,Speedway Junky,1999,1000000,17246
1471,The Thomas Crown Affair,1999,48000000,124305181
1472,Flawless,1999,15000000,4488529
1473,I'll Be Home for Christmas,1998,30000000,12214338
1474,Jawbreaker,1999,3500000,3117085
1475,Psycho,1998,60000000,37170655
1476,Spring Forward,1999,2000000,117471
1477,The Big Tease,1999,4000000,187152
1478,Last Night,1998,2000000,591165
1479,PÃ¢fekuto burÃ»,1997,3000000,563130
1480,Random Hearts,1999,64000000,74608570
1481,Drop Dead Gorgeous,1999,15000000,10571408
1482,La Cucaracha,1998,3000000,14692
1483,Sweet and Lowdown,1999,29750000,4525794
1484,Belly,1998,3000000,9639390
1485,Deterrence,1999,800000,145071
1486,Juha,1999,4773394,159298
1487,Muppets from Space,1999,24000000,22323612
1488,"South Park: Bigger, Longer & Uncut",1999,21000000,83137603
1489,The Virgin Suicides,1999,9000000,10409377
1490,Cotton Mary,1999,3500000,299432
1491,The Adventures of Elmo in Grouchland,1999,26000000,11683047
1492,A Dog of Flanders,1999,7000000,2165637
1493,Dudley Do-Right,1999,70000000,9974410
1494,Trippin',1999,3000000,9017070
1495,Guinevere,1999,2600000,635680
1496,In Too Deep,1999,7000000,14011454
1497,The King and I,1999,25000000,11993021
1498,Luminarias,1999,1000000,292309
1499,She's All That,1999,10000000,103166989
1500,The Story of Us,1999,50000000,58900031
1501,Tumbleweeds,1999,312000,1350248
1502,The Wood,1999,6000000,25059640
1503,Revelation,1999,1500000,206755
1504,Goat on Fire and Smiling Fish,1999,40000,278492
1505,"Happy, Texas",1999,2500000,1955933
1506,Sleepy Hollow,1999,100000000,206071502
1507,Summer of Sam,1999,22000000,19288130
1508,Trick,1999,450000,2087228
1509,Twin Falls Idaho,1999,500000,985341
1510,Jing Ke ci Qin Wang,1998,15000000,1267239
1511,Runaway Bride,1999,70000000,309460292
1512,Chill Factor,1999,70000000,11788676
1513,American Pie,1999,11000000,235483004
1514,"Blood, Guts, Bullets and Octane",1998,7300,15035
1515,Bringing Out the Dead,1999,55000000,16797191
1516,Limbo,1999,10000000,2160710
1517,The Muse,1999,15000000,11670561
1518,Drive Me Crazy,1999,8500000,22593409
1519,Stir of Echoes,1999,12000000,21142914
1520,Stuart Little,1999,133000000,300135367
1521,Molokai: The Story of Father Damien,1999,7436800,182695
1522,Ringmaster,1998,20000000,9257103
1523,Black and White,1999,12000000,5541431
1524,Detroit Rock City,1999,34000000,4217115
1525,Held Up,1999,8000000,4705631
1526,The Limey,1999,10000000,3325736
1527,East Is East,1999,1900000,4177818
1528,Foolish,1999,2000000,6033999
1529,The Love Letter,1999,20000000,8302478
1530,Waking Ned,1998,3000000,55257450
1531,Anna and the King,1999,92000000,113996937
1532,The Straight Story,1999,10000000,6416325
1533,Music of the Heart,1999,27000000,14936407
1534,The Book of Life,1998,350000,9740
1535,The Sixth Sense,1999,40000000,672806292
1536,Superstar,1999,34000000,30636478
1537,Simon Sez,1999,10000000,292152
1538,The Best Man,1999,9000000,34573780
1539,Theeviravaathi: The Terrorist,1998,1091250,159644
1540,American Beauty,1999,15000000,356296601
1541,The Haunting,1999,80000000,177311151
1542,Ratcatcher,1999,30000,217244
1543,Boys Don't Cry,1999,2000000,11540607
1544,The End of the Affair,1999,23000000,10827816
1545,"Girl, Interrupted",1999,40000000,48350205
1546,Komodo,1999,15000000,207496
1547,Light It Up,1999,13000000,5985690
1548,Sugar Town,1999,250000,178095
1549,Running Free,1999,25000000,117608
1550,Simpatico,1999,10000000,1281813
1551,The Hurricane,1999,50000000,73956241
1552,Magnolia,1999,37000000,48451803
1553,La otra conquista,1998,3500000,894410
1554,Universal Soldier: The Return,1999,45000000,10667893
1555,El abuelo,1998,400000000,54468
1556,Galaxy Quest,1999,45000000,90683916
1557,Ringu,1998,1200000,59001
1558,But I'm a Cheerleader,1999,1200000,2595216
1559,Storm Catcher,1999,2000000,11580
1560,Elvis Gratton II: Miracle Ã  Memphis,1999,3000000,3316272
1561,Blue Streak,1999,65000000,117758500
1562,Est - Ouest,1999,11500000,6031521
1563,Kirikou et la sorciÃ¨re,1998,3800000,281179
1564,Bicentennial Man,1999,100000000,87423861
1565,House on Haunted Hill,1999,37000000,42593455
1566,The Blair Witch Project,1999,60000,248639099
1567,Jesus' Son,1999,2500000,1302067
1568,Doug's 1st Movie,1999,5000000,19440089
1569,Gojira ni-sen mireniamu,1999,13000000,12924063
1570,Human Traffic,1999,2200000,104257
1571,Love Stinks,1999,4000000,2924635
1572,"Le temps retrouvÃ©, d'aprÃ¨s l'oeuvre de Marcel Proust",1999,65000000,248653
1573,The Big Kahuna,1999,7000000,3728888
1574,The Basket,1999,1300000,367098
1575,GekijÃ´-ban poketto monsutÃ¢ - MyÃ»tsÃ» no gyakushÃ»,1998,30000000,163644662
1576,Solas,1999,125000000,277596
1577,Le dernier souffle,1999,3800000,316043
1578,Swiri,1999,5000000,135892
1579,Play It to the Bone,1999,24000000,8678812
1580,Bats,1999,5250000,10155690
1581,The Underground Comedy Movie,1999,170000,856
1582,The Omega Code,1999,8000000,12614346
1583,Deuce Bigalow: Male Gigolo,1999,17000000,92938755
1584,GekijÃ´-ban poketto monsutÃ¢: Maboroshi no pokemon: Rugia bakutan,1999,30000000,133949270
1585,Ringu 2,1999,6000000,65586
1586,ABCD,1999,200000,83372
1587,Los sin nombre,1999,900000,3904286
